system:index,date,.geo
0,2001-01-01,"{""type"":""MultiPoint"",""coordinates"":[]}"
1,2001-01-17,"{""type"":""MultiPoint"",""coordinates"":[]}"
2,2001-02-02,"{""type"":""MultiPoint"",""coordinates"":[]}"
3,2001-02-18,"{""type"":""MultiPoint"",""coordinates"":[]}"
4,2001-03-06,"{""type"":""MultiPoint"",""coordinates"":[]}"
5,2001-03-22,"{""type"":""MultiPoint"",""coordinates"":[]}"
6,2001-04-07,"{""type"":""MultiPoint"",""coordinates"":[]}"
7,2001-04-23,"{""type"":""MultiPoint"",""coordinates"":[]}"
8,2001-05-09,"{""type"":""MultiPoint"",""coordinates"":[]}"
9,2001-05-25,"{""type"":""MultiPoint"",""coordinates"":[]}"
10,2001-06-10,"{""type"":""MultiPoint"",""coordinates"":[]}"
11,2001-06-26,"{""type"":""MultiPoint"",""coordinates"":[]}"
12,2001-07-12,"{""type"":""MultiPoint"",""coordinates"":[]}"
13,2001-07-28,"{""type"":""MultiPoint"",""coordinates"":[]}"
14,2001-08-13,"{""type"":""MultiPoint"",""coordinates"":[]}"
15,2001-08-29,"{""type"":""MultiPoint"",""coordinates"":[]}"
16,2001-09-14,"{""type"":""MultiPoint"",""coordinates"":[]}"
17,2001-09-30,"{""type"":""MultiPoint"",""coordinates"":[]}"
18,2001-10-16,"{""type"":""MultiPoint"",""coordinates"":[]}"
19,2001-11-01,"{""type"":""MultiPoint"",""coordinates"":[]}"
20,2001-11-17,"{""type"":""MultiPoint"",""coordinates"":[]}"
21,2001-12-03,"{""type"":""MultiPoint"",""coordinates"":[]}"
22,2001-12-19,"{""type"":""MultiPoint"",""coordinates"":[]}"
23,2002-01-01,"{""type"":""MultiPoint"",""coordinates"":[]}"
24,2002-01-17,"{""type"":""MultiPoint"",""coordinates"":[]}"
25,2002-02-02,"{""type"":""MultiPoint"",""coordinates"":[]}"
26,2002-02-18,"{""type"":""MultiPoint"",""coordinates"":[]}"
27,2002-03-06,"{""type"":""MultiPoint"",""coordinates"":[]}"
28,2002-03-22,"{""type"":""MultiPoint"",""coordinates"":[]}"
29,2002-04-07,"{""type"":""MultiPoint"",""coordinates"":[]}"
30,2002-04-23,"{""type"":""MultiPoint"",""coordinates"":[]}"
31,2002-05-09,"{""type"":""MultiPoint"",""coordinates"":[]}"
32,2002-05-25,"{""type"":""MultiPoint"",""coordinates"":[]}"
33,2002-06-10,"{""type"":""MultiPoint"",""coordinates"":[]}"
34,2002-06-26,"{""type"":""MultiPoint"",""coordinates"":[]}"
35,2002-07-12,"{""type"":""MultiPoint"",""coordinates"":[]}"
36,2002-07-28,"{""type"":""MultiPoint"",""coordinates"":[]}"
37,2002-08-13,"{""type"":""MultiPoint"",""coordinates"":[]}"
38,2002-08-29,"{""type"":""MultiPoint"",""coordinates"":[]}"
39,2002-09-14,"{""type"":""MultiPoint"",""coordinates"":[]}"
40,2002-09-30,"{""type"":""MultiPoint"",""coordinates"":[]}"
41,2002-10-16,"{""type"":""MultiPoint"",""coordinates"":[]}"
42,2002-11-01,"{""type"":""MultiPoint"",""coordinates"":[]}"
43,2002-11-17,"{""type"":""MultiPoint"",""coordinates"":[]}"
44,2002-12-03,"{""type"":""MultiPoint"",""coordinates"":[]}"
45,2002-12-19,"{""type"":""MultiPoint"",""coordinates"":[]}"
46,2003-01-01,"{""type"":""MultiPoint"",""coordinates"":[]}"
47,2003-01-17,"{""type"":""MultiPoint"",""coordinates"":[]}"
48,2003-02-02,"{""type"":""MultiPoint"",""coordinates"":[]}"
49,2003-02-18,"{""type"":""MultiPoint"",""coordinates"":[]}"
50,2003-03-06,"{""type"":""MultiPoint"",""coordinates"":[]}"
51,2003-03-22,"{""type"":""MultiPoint"",""coordinates"":[]}"
52,2003-04-07,"{""type"":""MultiPoint"",""coordinates"":[]}"
53,2003-04-23,"{""type"":""MultiPoint"",""coordinates"":[]}"
54,2003-05-09,"{""type"":""MultiPoint"",""coordinates"":[]}"
55,2003-05-25,"{""type"":""MultiPoint"",""coordinates"":[]}"
56,2003-06-10,"{""type"":""MultiPoint"",""coordinates"":[]}"
57,2003-06-26,"{""type"":""MultiPoint"",""coordinates"":[]}"
58,2003-07-12,"{""type"":""MultiPoint"",""coordinates"":[]}"
59,2003-07-28,"{""type"":""MultiPoint"",""coordinates"":[]}"
60,2003-08-13,"{""type"":""MultiPoint"",""coordinates"":[]}"
61,2003-08-29,"{""type"":""MultiPoint"",""coordinates"":[]}"
62,2003-09-14,"{""type"":""MultiPoint"",""coordinates"":[]}"
63,2003-09-30,"{""type"":""MultiPoint"",""coordinates"":[]}"
64,2003-10-16,"{""type"":""MultiPoint"",""coordinates"":[]}"
65,2003-11-01,"{""type"":""MultiPoint"",""coordinates"":[]}"
66,2003-11-17,"{""type"":""MultiPoint"",""coordinates"":[]}"
67,2003-12-03,"{""type"":""MultiPoint"",""coordinates"":[]}"
68,2003-12-19,"{""type"":""MultiPoint"",""coordinates"":[]}"
69,2004-01-01,"{""type"":""MultiPoint"",""coordinates"":[]}"
70,2004-01-17,"{""type"":""MultiPoint"",""coordinates"":[]}"
71,2004-02-02,"{""type"":""MultiPoint"",""coordinates"":[]}"
72,2004-02-18,"{""type"":""MultiPoint"",""coordinates"":[]}"
73,2004-03-05,"{""type"":""MultiPoint"",""coordinates"":[]}"
74,2004-03-21,"{""type"":""MultiPoint"",""coordinates"":[]}"
75,2004-04-06,"{""type"":""MultiPoint"",""coordinates"":[]}"
76,2004-04-22,"{""type"":""MultiPoint"",""coordinates"":[]}"
77,2004-05-08,"{""type"":""MultiPoint"",""coordinates"":[]}"
78,2004-05-24,"{""type"":""MultiPoint"",""coordinates"":[]}"
79,2004-06-09,"{""type"":""MultiPoint"",""coordinates"":[]}"
80,2004-06-25,"{""type"":""MultiPoint"",""coordinates"":[]}"
81,2004-07-11,"{""type"":""MultiPoint"",""coordinates"":[]}"
82,2004-07-27,"{""type"":""MultiPoint"",""coordinates"":[]}"
83,2004-08-12,"{""type"":""MultiPoint"",""coordinates"":[]}"
84,2004-08-28,"{""type"":""MultiPoint"",""coordinates"":[]}"
85,2004-09-13,"{""type"":""MultiPoint"",""coordinates"":[]}"
86,2004-09-29,"{""type"":""MultiPoint"",""coordinates"":[]}"
87,2004-10-15,"{""type"":""MultiPoint"",""coordinates"":[]}"
88,2004-10-31,"{""type"":""MultiPoint"",""coordinates"":[]}"
89,2004-11-16,"{""type"":""MultiPoint"",""coordinates"":[]}"
90,2004-12-02,"{""type"":""MultiPoint"",""coordinates"":[]}"
91,2004-12-18,"{""type"":""MultiPoint"",""coordinates"":[]}"
92,2005-01-01,"{""type"":""MultiPoint"",""coordinates"":[]}"
93,2005-01-17,"{""type"":""MultiPoint"",""coordinates"":[]}"
94,2005-02-02,"{""type"":""MultiPoint"",""coordinates"":[]}"
95,2005-02-18,"{""type"":""MultiPoint"",""coordinates"":[]}"
96,2005-03-06,"{""type"":""MultiPoint"",""coordinates"":[]}"
97,2005-03-22,"{""type"":""MultiPoint"",""coordinates"":[]}"
98,2005-04-07,"{""type"":""MultiPoint"",""coordinates"":[]}"
99,2005-04-23,"{""type"":""MultiPoint"",""coordinates"":[]}"
100,2005-05-09,"{""type"":""MultiPoint"",""coordinates"":[]}"
101,2005-05-25,"{""type"":""MultiPoint"",""coordinates"":[]}"
102,2005-06-10,"{""type"":""MultiPoint"",""coordinates"":[]}"
103,2005-06-26,"{""type"":""MultiPoint"",""coordinates"":[]}"
104,2005-07-12,"{""type"":""MultiPoint"",""coordinates"":[]}"
105,2005-07-28,"{""type"":""MultiPoint"",""coordinates"":[]}"
106,2005-08-13,"{""type"":""MultiPoint"",""coordinates"":[]}"
107,2005-08-29,"{""type"":""MultiPoint"",""coordinates"":[]}"
108,2005-09-14,"{""type"":""MultiPoint"",""coordinates"":[]}"
109,2005-09-30,"{""type"":""MultiPoint"",""coordinates"":[]}"
110,2005-10-16,"{""type"":""MultiPoint"",""coordinates"":[]}"
111,2005-11-01,"{""type"":""MultiPoint"",""coordinates"":[]}"
112,2005-11-17,"{""type"":""MultiPoint"",""coordinates"":[]}"
113,2005-12-03,"{""type"":""MultiPoint"",""coordinates"":[]}"
114,2005-12-19,"{""type"":""MultiPoint"",""coordinates"":[]}"
115,2006-01-01,"{""type"":""MultiPoint"",""coordinates"":[]}"
116,2006-01-17,"{""type"":""MultiPoint"",""coordinates"":[]}"
117,2006-02-02,"{""type"":""MultiPoint"",""coordinates"":[]}"
118,2006-02-18,"{""type"":""MultiPoint"",""coordinates"":[]}"
119,2006-03-06,"{""type"":""MultiPoint"",""coordinates"":[]}"
120,2006-03-22,"{""type"":""MultiPoint"",""coordinates"":[]}"
121,2006-04-07,"{""type"":""MultiPoint"",""coordinates"":[]}"
122,2006-04-23,"{""type"":""MultiPoint"",""coordinates"":[]}"
123,2006-05-09,"{""type"":""MultiPoint"",""coordinates"":[]}"
124,2006-05-25,"{""type"":""MultiPoint"",""coordinates"":[]}"
125,2006-06-10,"{""type"":""MultiPoint"",""coordinates"":[]}"
126,2006-06-26,"{""type"":""MultiPoint"",""coordinates"":[]}"
127,2006-07-12,"{""type"":""MultiPoint"",""coordinates"":[]}"
128,2006-07-28,"{""type"":""MultiPoint"",""coordinates"":[]}"
129,2006-08-13,"{""type"":""MultiPoint"",""coordinates"":[]}"
130,2006-08-29,"{""type"":""MultiPoint"",""coordinates"":[]}"
131,2006-09-14,"{""type"":""MultiPoint"",""coordinates"":[]}"
132,2006-09-30,"{""type"":""MultiPoint"",""coordinates"":[]}"
133,2006-10-16,"{""type"":""MultiPoint"",""coordinates"":[]}"
134,2006-11-01,"{""type"":""MultiPoint"",""coordinates"":[]}"
135,2006-11-17,"{""type"":""MultiPoint"",""coordinates"":[]}"
136,2006-12-03,"{""type"":""MultiPoint"",""coordinates"":[]}"
137,2006-12-19,"{""type"":""MultiPoint"",""coordinates"":[]}"
138,2007-01-01,"{""type"":""MultiPoint"",""coordinates"":[]}"
139,2007-01-17,"{""type"":""MultiPoint"",""coordinates"":[]}"
140,2007-02-02,"{""type"":""MultiPoint"",""coordinates"":[]}"
141,2007-02-18,"{""type"":""MultiPoint"",""coordinates"":[]}"
142,2007-03-06,"{""type"":""MultiPoint"",""coordinates"":[]}"
143,2007-03-22,"{""type"":""MultiPoint"",""coordinates"":[]}"
144,2007-04-07,"{""type"":""MultiPoint"",""coordinates"":[]}"
145,2007-04-23,"{""type"":""MultiPoint"",""coordinates"":[]}"
146,2007-05-09,"{""type"":""MultiPoint"",""coordinates"":[]}"
147,2007-05-25,"{""type"":""MultiPoint"",""coordinates"":[]}"
148,2007-06-10,"{""type"":""MultiPoint"",""coordinates"":[]}"
149,2007-06-26,"{""type"":""MultiPoint"",""coordinates"":[]}"
150,2007-07-12,"{""type"":""MultiPoint"",""coordinates"":[]}"
151,2007-07-28,"{""type"":""MultiPoint"",""coordinates"":[]}"
152,2007-08-13,"{""type"":""MultiPoint"",""coordinates"":[]}"
153,2007-08-29,"{""type"":""MultiPoint"",""coordinates"":[]}"
154,2007-09-14,"{""type"":""MultiPoint"",""coordinates"":[]}"
155,2007-09-30,"{""type"":""MultiPoint"",""coordinates"":[]}"
156,2007-10-16,"{""type"":""MultiPoint"",""coordinates"":[]}"
157,2007-11-01,"{""type"":""MultiPoint"",""coordinates"":[]}"
158,2007-11-17,"{""type"":""MultiPoint"",""coordinates"":[]}"
159,2007-12-03,"{""type"":""MultiPoint"",""coordinates"":[]}"
160,2007-12-19,"{""type"":""MultiPoint"",""coordinates"":[]}"
161,2008-01-01,"{""type"":""MultiPoint"",""coordinates"":[]}"
162,2008-01-17,"{""type"":""MultiPoint"",""coordinates"":[]}"
163,2008-02-02,"{""type"":""MultiPoint"",""coordinates"":[]}"
164,2008-02-18,"{""type"":""MultiPoint"",""coordinates"":[]}"
165,2008-03-05,"{""type"":""MultiPoint"",""coordinates"":[]}"
166,2008-03-21,"{""type"":""MultiPoint"",""coordinates"":[]}"
167,2008-04-06,"{""type"":""MultiPoint"",""coordinates"":[]}"
168,2008-04-22,"{""type"":""MultiPoint"",""coordinates"":[]}"
169,2008-05-08,"{""type"":""MultiPoint"",""coordinates"":[]}"
170,2008-05-24,"{""type"":""MultiPoint"",""coordinates"":[]}"
171,2008-06-09,"{""type"":""MultiPoint"",""coordinates"":[]}"
172,2008-06-25,"{""type"":""MultiPoint"",""coordinates"":[]}"
173,2008-07-11,"{""type"":""MultiPoint"",""coordinates"":[]}"
174,2008-07-27,"{""type"":""MultiPoint"",""coordinates"":[]}"
175,2008-08-12,"{""type"":""MultiPoint"",""coordinates"":[]}"
176,2008-08-28,"{""type"":""MultiPoint"",""coordinates"":[]}"
177,2008-09-13,"{""type"":""MultiPoint"",""coordinates"":[]}"
178,2008-09-29,"{""type"":""MultiPoint"",""coordinates"":[]}"
179,2008-10-15,"{""type"":""MultiPoint"",""coordinates"":[]}"
180,2008-10-31,"{""type"":""MultiPoint"",""coordinates"":[]}"
181,2008-11-16,"{""type"":""MultiPoint"",""coordinates"":[]}"
182,2008-12-02,"{""type"":""MultiPoint"",""coordinates"":[]}"
183,2008-12-18,"{""type"":""MultiPoint"",""coordinates"":[]}"
184,2009-01-01,"{""type"":""MultiPoint"",""coordinates"":[]}"
185,2009-01-17,"{""type"":""MultiPoint"",""coordinates"":[]}"
186,2009-02-02,"{""type"":""MultiPoint"",""coordinates"":[]}"
187,2009-02-18,"{""type"":""MultiPoint"",""coordinates"":[]}"
188,2009-03-06,"{""type"":""MultiPoint"",""coordinates"":[]}"
189,2009-03-22,"{""type"":""MultiPoint"",""coordinates"":[]}"
190,2009-04-07,"{""type"":""MultiPoint"",""coordinates"":[]}"
191,2009-04-23,"{""type"":""MultiPoint"",""coordinates"":[]}"
192,2009-05-09,"{""type"":""MultiPoint"",""coordinates"":[]}"
193,2009-05-25,"{""type"":""MultiPoint"",""coordinates"":[]}"
194,2009-06-10,"{""type"":""MultiPoint"",""coordinates"":[]}"
195,2009-06-26,"{""type"":""MultiPoint"",""coordinates"":[]}"
196,2009-07-12,"{""type"":""MultiPoint"",""coordinates"":[]}"
197,2009-07-28,"{""type"":""MultiPoint"",""coordinates"":[]}"
198,2009-08-13,"{""type"":""MultiPoint"",""coordinates"":[]}"
199,2009-08-29,"{""type"":""MultiPoint"",""coordinates"":[]}"
200,2009-09-14,"{""type"":""MultiPoint"",""coordinates"":[]}"
201,2009-09-30,"{""type"":""MultiPoint"",""coordinates"":[]}"
202,2009-10-16,"{""type"":""MultiPoint"",""coordinates"":[]}"
203,2009-11-01,"{""type"":""MultiPoint"",""coordinates"":[]}"
204,2009-11-17,"{""type"":""MultiPoint"",""coordinates"":[]}"
205,2009-12-03,"{""type"":""MultiPoint"",""coordinates"":[]}"
206,2009-12-19,"{""type"":""MultiPoint"",""coordinates"":[]}"
207,2010-01-01,"{""type"":""MultiPoint"",""coordinates"":[]}"
208,2010-01-17,"{""type"":""MultiPoint"",""coordinates"":[]}"
209,2010-02-02,"{""type"":""MultiPoint"",""coordinates"":[]}"
210,2010-02-18,"{""type"":""MultiPoint"",""coordinates"":[]}"
211,2010-03-06,"{""type"":""MultiPoint"",""coordinates"":[]}"
212,2010-03-22,"{""type"":""MultiPoint"",""coordinates"":[]}"
213,2010-04-07,"{""type"":""MultiPoint"",""coordinates"":[]}"
214,2010-04-23,"{""type"":""MultiPoint"",""coordinates"":[]}"
215,2010-05-09,"{""type"":""MultiPoint"",""coordinates"":[]}"
216,2010-05-25,"{""type"":""MultiPoint"",""coordinates"":[]}"
217,2010-06-10,"{""type"":""MultiPoint"",""coordinates"":[]}"
218,2010-06-26,"{""type"":""MultiPoint"",""coordinates"":[]}"
219,2010-07-12,"{""type"":""MultiPoint"",""coordinates"":[]}"
220,2010-07-28,"{""type"":""MultiPoint"",""coordinates"":[]}"
221,2010-08-13,"{""type"":""MultiPoint"",""coordinates"":[]}"
222,2010-08-29,"{""type"":""MultiPoint"",""coordinates"":[]}"
223,2010-09-14,"{""type"":""MultiPoint"",""coordinates"":[]}"
224,2010-09-30,"{""type"":""MultiPoint"",""coordinates"":[]}"
225,2010-10-16,"{""type"":""MultiPoint"",""coordinates"":[]}"
226,2010-11-01,"{""type"":""MultiPoint"",""coordinates"":[]}"
227,2010-11-17,"{""type"":""MultiPoint"",""coordinates"":[]}"
228,2010-12-03,"{""type"":""MultiPoint"",""coordinates"":[]}"
229,2010-12-19,"{""type"":""MultiPoint"",""coordinates"":[]}"
230,2011-01-01,"{""type"":""MultiPoint"",""coordinates"":[]}"
231,2011-01-17,"{""type"":""MultiPoint"",""coordinates"":[]}"
232,2011-02-02,"{""type"":""MultiPoint"",""coordinates"":[]}"
233,2011-02-18,"{""type"":""MultiPoint"",""coordinates"":[]}"
234,2011-03-06,"{""type"":""MultiPoint"",""coordinates"":[]}"
235,2011-03-22,"{""type"":""MultiPoint"",""coordinates"":[]}"
236,2011-04-07,"{""type"":""MultiPoint"",""coordinates"":[]}"
237,2011-04-23,"{""type"":""MultiPoint"",""coordinates"":[]}"
238,2011-05-09,"{""type"":""MultiPoint"",""coordinates"":[]}"
239,2011-05-25,"{""type"":""MultiPoint"",""coordinates"":[]}"
240,2011-06-10,"{""type"":""MultiPoint"",""coordinates"":[]}"
241,2011-06-26,"{""type"":""MultiPoint"",""coordinates"":[]}"
242,2011-07-12,"{""type"":""MultiPoint"",""coordinates"":[]}"
243,2011-07-28,"{""type"":""MultiPoint"",""coordinates"":[]}"
244,2011-08-13,"{""type"":""MultiPoint"",""coordinates"":[]}"
245,2011-08-29,"{""type"":""MultiPoint"",""coordinates"":[]}"
246,2011-09-14,"{""type"":""MultiPoint"",""coordinates"":[]}"
247,2011-09-30,"{""type"":""MultiPoint"",""coordinates"":[]}"
248,2011-10-16,"{""type"":""MultiPoint"",""coordinates"":[]}"
249,2011-11-01,"{""type"":""MultiPoint"",""coordinates"":[]}"
250,2011-11-17,"{""type"":""MultiPoint"",""coordinates"":[]}"
251,2011-12-03,"{""type"":""MultiPoint"",""coordinates"":[]}"
252,2011-12-19,"{""type"":""MultiPoint"",""coordinates"":[]}"
253,2012-01-01,"{""type"":""MultiPoint"",""coordinates"":[]}"
254,2012-01-17,"{""type"":""MultiPoint"",""coordinates"":[]}"
255,2012-02-02,"{""type"":""MultiPoint"",""coordinates"":[]}"
256,2012-02-18,"{""type"":""MultiPoint"",""coordinates"":[]}"
257,2012-03-05,"{""type"":""MultiPoint"",""coordinates"":[]}"
258,2012-03-21,"{""type"":""MultiPoint"",""coordinates"":[]}"
259,2012-04-06,"{""type"":""MultiPoint"",""coordinates"":[]}"
260,2012-04-22,"{""type"":""MultiPoint"",""coordinates"":[]}"
261,2012-05-08,"{""type"":""MultiPoint"",""coordinates"":[]}"
262,2012-05-24,"{""type"":""MultiPoint"",""coordinates"":[]}"
263,2012-06-09,"{""type"":""MultiPoint"",""coordinates"":[]}"
264,2012-06-25,"{""type"":""MultiPoint"",""coordinates"":[]}"
265,2012-07-11,"{""type"":""MultiPoint"",""coordinates"":[]}"
266,2012-07-27,"{""type"":""MultiPoint"",""coordinates"":[]}"
267,2012-08-12,"{""type"":""MultiPoint"",""coordinates"":[]}"
268,2012-08-28,"{""type"":""MultiPoint"",""coordinates"":[]}"
269,2012-09-13,"{""type"":""MultiPoint"",""coordinates"":[]}"
270,2012-09-29,"{""type"":""MultiPoint"",""coordinates"":[]}"
271,2012-10-15,"{""type"":""MultiPoint"",""coordinates"":[]}"
272,2012-10-31,"{""type"":""MultiPoint"",""coordinates"":[]}"
273,2012-11-16,"{""type"":""MultiPoint"",""coordinates"":[]}"
274,2012-12-02,"{""type"":""MultiPoint"",""coordinates"":[]}"
275,2012-12-18,"{""type"":""MultiPoint"",""coordinates"":[]}"
276,2013-01-01,"{""type"":""MultiPoint"",""coordinates"":[]}"
277,2013-01-17,"{""type"":""MultiPoint"",""coordinates"":[]}"
278,2013-02-02,"{""type"":""MultiPoint"",""coordinates"":[]}"
279,2013-02-18,"{""type"":""MultiPoint"",""coordinates"":[]}"
280,2013-03-06,"{""type"":""MultiPoint"",""coordinates"":[]}"
281,2013-03-22,"{""type"":""MultiPoint"",""coordinates"":[]}"
282,2013-04-07,"{""type"":""MultiPoint"",""coordinates"":[]}"
283,2013-04-23,"{""type"":""MultiPoint"",""coordinates"":[]}"
284,2013-05-09,"{""type"":""MultiPoint"",""coordinates"":[]}"
285,2013-05-25,"{""type"":""MultiPoint"",""coordinates"":[]}"
286,2013-06-10,"{""type"":""MultiPoint"",""coordinates"":[]}"
287,2013-06-26,"{""type"":""MultiPoint"",""coordinates"":[]}"
288,2013-07-12,"{""type"":""MultiPoint"",""coordinates"":[]}"
289,2013-07-28,"{""type"":""MultiPoint"",""coordinates"":[]}"
290,2013-08-13,"{""type"":""MultiPoint"",""coordinates"":[]}"
291,2013-08-29,"{""type"":""MultiPoint"",""coordinates"":[]}"
292,2013-09-14,"{""type"":""MultiPoint"",""coordinates"":[]}"
293,2013-09-30,"{""type"":""MultiPoint"",""coordinates"":[]}"
294,2013-10-16,"{""type"":""MultiPoint"",""coordinates"":[]}"
295,2013-11-01,"{""type"":""MultiPoint"",""coordinates"":[]}"
296,2013-11-17,"{""type"":""MultiPoint"",""coordinates"":[]}"
297,2013-12-03,"{""type"":""MultiPoint"",""coordinates"":[]}"
298,2013-12-19,"{""type"":""MultiPoint"",""coordinates"":[]}"
299,2014-01-01,"{""type"":""MultiPoint"",""coordinates"":[]}"
300,2014-01-17,"{""type"":""MultiPoint"",""coordinates"":[]}"
301,2014-02-02,"{""type"":""MultiPoint"",""coordinates"":[]}"
302,2014-02-18,"{""type"":""MultiPoint"",""coordinates"":[]}"
303,2014-03-06,"{""type"":""MultiPoint"",""coordinates"":[]}"
304,2014-03-22,"{""type"":""MultiPoint"",""coordinates"":[]}"
305,2014-04-07,"{""type"":""MultiPoint"",""coordinates"":[]}"
306,2014-04-23,"{""type"":""MultiPoint"",""coordinates"":[]}"
307,2014-05-09,"{""type"":""MultiPoint"",""coordinates"":[]}"
308,2014-05-25,"{""type"":""MultiPoint"",""coordinates"":[]}"
309,2014-06-10,"{""type"":""MultiPoint"",""coordinates"":[]}"
310,2014-06-26,"{""type"":""MultiPoint"",""coordinates"":[]}"
311,2014-07-12,"{""type"":""MultiPoint"",""coordinates"":[]}"
312,2014-07-28,"{""type"":""MultiPoint"",""coordinates"":[]}"
313,2014-08-13,"{""type"":""MultiPoint"",""coordinates"":[]}"
314,2014-08-29,"{""type"":""MultiPoint"",""coordinates"":[]}"
315,2014-09-14,"{""type"":""MultiPoint"",""coordinates"":[]}"
316,2014-09-30,"{""type"":""MultiPoint"",""coordinates"":[]}"
317,2014-10-16,"{""type"":""MultiPoint"",""coordinates"":[]}"
318,2014-11-01,"{""type"":""MultiPoint"",""coordinates"":[]}"
319,2014-11-17,"{""type"":""MultiPoint"",""coordinates"":[]}"
320,2014-12-03,"{""type"":""MultiPoint"",""coordinates"":[]}"
321,2014-12-19,"{""type"":""MultiPoint"",""coordinates"":[]}"
322,2015-01-01,"{""type"":""MultiPoint"",""coordinates"":[]}"
323,2015-01-17,"{""type"":""MultiPoint"",""coordinates"":[]}"
324,2015-02-02,"{""type"":""MultiPoint"",""coordinates"":[]}"
325,2015-02-18,"{""type"":""MultiPoint"",""coordinates"":[]}"
326,2015-03-06,"{""type"":""MultiPoint"",""coordinates"":[]}"
327,2015-03-22,"{""type"":""MultiPoint"",""coordinates"":[]}"
328,2015-04-07,"{""type"":""MultiPoint"",""coordinates"":[]}"
329,2015-04-23,"{""type"":""MultiPoint"",""coordinates"":[]}"
330,2015-05-09,"{""type"":""MultiPoint"",""coordinates"":[]}"
331,2015-05-25,"{""type"":""MultiPoint"",""coordinates"":[]}"
332,2015-06-10,"{""type"":""MultiPoint"",""coordinates"":[]}"
333,2015-06-26,"{""type"":""MultiPoint"",""coordinates"":[]}"
334,2015-07-12,"{""type"":""MultiPoint"",""coordinates"":[]}"
335,2015-07-28,"{""type"":""MultiPoint"",""coordinates"":[]}"
336,2015-08-13,"{""type"":""MultiPoint"",""coordinates"":[]}"
337,2015-08-29,"{""type"":""MultiPoint"",""coordinates"":[]}"
338,2015-09-14,"{""type"":""MultiPoint"",""coordinates"":[]}"
339,2015-09-30,"{""type"":""MultiPoint"",""coordinates"":[]}"
340,2015-10-16,"{""type"":""MultiPoint"",""coordinates"":[]}"
341,2015-11-01,"{""type"":""MultiPoint"",""coordinates"":[]}"
342,2015-11-17,"{""type"":""MultiPoint"",""coordinates"":[]}"
343,2015-12-03,"{""type"":""MultiPoint"",""coordinates"":[]}"
344,2015-12-19,"{""type"":""MultiPoint"",""coordinates"":[]}"
345,2016-01-01,"{""type"":""MultiPoint"",""coordinates"":[]}"
346,2016-01-17,"{""type"":""MultiPoint"",""coordinates"":[]}"
347,2016-02-02,"{""type"":""MultiPoint"",""coordinates"":[]}"
348,2016-02-18,"{""type"":""MultiPoint"",""coordinates"":[]}"
349,2016-03-05,"{""type"":""MultiPoint"",""coordinates"":[]}"
350,2016-03-21,"{""type"":""MultiPoint"",""coordinates"":[]}"
351,2016-04-06,"{""type"":""MultiPoint"",""coordinates"":[]}"
352,2016-04-22,"{""type"":""MultiPoint"",""coordinates"":[]}"
353,2016-05-08,"{""type"":""MultiPoint"",""coordinates"":[]}"
354,2016-05-24,"{""type"":""MultiPoint"",""coordinates"":[]}"
355,2016-06-09,"{""type"":""MultiPoint"",""coordinates"":[]}"
356,2016-06-25,"{""type"":""MultiPoint"",""coordinates"":[]}"
357,2016-07-11,"{""type"":""MultiPoint"",""coordinates"":[]}"
358,2016-07-27,"{""type"":""MultiPoint"",""coordinates"":[]}"
359,2016-08-12,"{""type"":""MultiPoint"",""coordinates"":[]}"
360,2016-08-28,"{""type"":""MultiPoint"",""coordinates"":[]}"
361,2016-09-13,"{""type"":""MultiPoint"",""coordinates"":[]}"
362,2016-09-29,"{""type"":""MultiPoint"",""coordinates"":[]}"
363,2016-10-15,"{""type"":""MultiPoint"",""coordinates"":[]}"
364,2016-10-31,"{""type"":""MultiPoint"",""coordinates"":[]}"
365,2016-11-16,"{""type"":""MultiPoint"",""coordinates"":[]}"
366,2016-12-02,"{""type"":""MultiPoint"",""coordinates"":[]}"
367,2016-12-18,"{""type"":""MultiPoint"",""coordinates"":[]}"
368,2017-01-01,"{""type"":""MultiPoint"",""coordinates"":[]}"
369,2017-01-17,"{""type"":""MultiPoint"",""coordinates"":[]}"
370,2017-02-02,"{""type"":""MultiPoint"",""coordinates"":[]}"
371,2017-02-18,"{""type"":""MultiPoint"",""coordinates"":[]}"
372,2017-03-06,"{""type"":""MultiPoint"",""coordinates"":[]}"
373,2017-03-22,"{""type"":""MultiPoint"",""coordinates"":[]}"
374,2017-04-07,"{""type"":""MultiPoint"",""coordinates"":[]}"
375,2017-04-23,"{""type"":""MultiPoint"",""coordinates"":[]}"
376,2017-05-09,"{""type"":""MultiPoint"",""coordinates"":[]}"
377,2017-05-25,"{""type"":""MultiPoint"",""coordinates"":[]}"
378,2017-06-10,"{""type"":""MultiPoint"",""coordinates"":[]}"
379,2017-06-26,"{""type"":""MultiPoint"",""coordinates"":[]}"
380,2017-07-12,"{""type"":""MultiPoint"",""coordinates"":[]}"
381,2017-07-28,"{""type"":""MultiPoint"",""coordinates"":[]}"
382,2017-08-13,"{""type"":""MultiPoint"",""coordinates"":[]}"
383,2017-08-29,"{""type"":""MultiPoint"",""coordinates"":[]}"
384,2017-09-14,"{""type"":""MultiPoint"",""coordinates"":[]}"
385,2017-09-30,"{""type"":""MultiPoint"",""coordinates"":[]}"
386,2017-10-16,"{""type"":""MultiPoint"",""coordinates"":[]}"
387,2017-11-01,"{""type"":""MultiPoint"",""coordinates"":[]}"
388,2017-11-17,"{""type"":""MultiPoint"",""coordinates"":[]}"
389,2017-12-03,"{""type"":""MultiPoint"",""coordinates"":[]}"
390,2017-12-19,"{""type"":""MultiPoint"",""coordinates"":[]}"
391,2018-01-01,"{""type"":""MultiPoint"",""coordinates"":[]}"
392,2018-01-17,"{""type"":""MultiPoint"",""coordinates"":[]}"
393,2018-02-02,"{""type"":""MultiPoint"",""coordinates"":[]}"
394,2018-02-18,"{""type"":""MultiPoint"",""coordinates"":[]}"
395,2018-03-06,"{""type"":""MultiPoint"",""coordinates"":[]}"
396,2018-03-22,"{""type"":""MultiPoint"",""coordinates"":[]}"
397,2018-04-07,"{""type"":""MultiPoint"",""coordinates"":[]}"
398,2018-04-23,"{""type"":""MultiPoint"",""coordinates"":[]}"
399,2018-05-09,"{""type"":""MultiPoint"",""coordinates"":[]}"
400,2018-05-25,"{""type"":""MultiPoint"",""coordinates"":[]}"
401,2018-06-10,"{""type"":""MultiPoint"",""coordinates"":[]}"
402,2018-06-26,"{""type"":""MultiPoint"",""coordinates"":[]}"
403,2018-07-12,"{""type"":""MultiPoint"",""coordinates"":[]}"
404,2018-07-28,"{""type"":""MultiPoint"",""coordinates"":[]}"
405,2018-08-13,"{""type"":""MultiPoint"",""coordinates"":[]}"
406,2018-08-29,"{""type"":""MultiPoint"",""coordinates"":[]}"
407,2018-09-14,"{""type"":""MultiPoint"",""coordinates"":[]}"
408,2018-09-30,"{""type"":""MultiPoint"",""coordinates"":[]}"
409,2018-10-16,"{""type"":""MultiPoint"",""coordinates"":[]}"
410,2018-11-01,"{""type"":""MultiPoint"",""coordinates"":[]}"
411,2018-11-17,"{""type"":""MultiPoint"",""coordinates"":[]}"
412,2018-12-03,"{""type"":""MultiPoint"",""coordinates"":[]}"
413,2018-12-19,"{""type"":""MultiPoint"",""coordinates"":[]}"
414,2019-01-01,"{""type"":""MultiPoint"",""coordinates"":[]}"
415,2019-01-17,"{""type"":""MultiPoint"",""coordinates"":[]}"
416,2019-02-02,"{""type"":""MultiPoint"",""coordinates"":[]}"
417,2019-02-18,"{""type"":""MultiPoint"",""coordinates"":[]}"
418,2019-03-06,"{""type"":""MultiPoint"",""coordinates"":[]}"
419,2019-03-22,"{""type"":""MultiPoint"",""coordinates"":[]}"
420,2019-04-07,"{""type"":""MultiPoint"",""coordinates"":[]}"
421,2019-04-23,"{""type"":""MultiPoint"",""coordinates"":[]}"
422,2019-05-09,"{""type"":""MultiPoint"",""coordinates"":[]}"
423,2019-05-25,"{""type"":""MultiPoint"",""coordinates"":[]}"
424,2019-06-10,"{""type"":""MultiPoint"",""coordinates"":[]}"
425,2019-06-26,"{""type"":""MultiPoint"",""coordinates"":[]}"
426,2019-07-12,"{""type"":""MultiPoint"",""coordinates"":[]}"
427,2019-07-28,"{""type"":""MultiPoint"",""coordinates"":[]}"
428,2019-08-13,"{""type"":""MultiPoint"",""coordinates"":[]}"
429,2019-08-29,"{""type"":""MultiPoint"",""coordinates"":[]}"
430,2019-09-14,"{""type"":""MultiPoint"",""coordinates"":[]}"
431,2019-09-30,"{""type"":""MultiPoint"",""coordinates"":[]}"
432,2019-10-16,"{""type"":""MultiPoint"",""coordinates"":[]}"
433,2019-11-01,"{""type"":""MultiPoint"",""coordinates"":[]}"
434,2019-11-17,"{""type"":""MultiPoint"",""coordinates"":[]}"
435,2019-12-03,"{""type"":""MultiPoint"",""coordinates"":[]}"
436,2019-12-19,"{""type"":""MultiPoint"",""coordinates"":[]}"
437,2020-01-01,"{""type"":""MultiPoint"",""coordinates"":[]}"
438,2020-01-17,"{""type"":""MultiPoint"",""coordinates"":[]}"
439,2020-02-02,"{""type"":""MultiPoint"",""coordinates"":[]}"
440,2020-02-18,"{""type"":""MultiPoint"",""coordinates"":[]}"
441,2020-03-05,"{""type"":""MultiPoint"",""coordinates"":[]}"
442,2020-03-21,"{""type"":""MultiPoint"",""coordinates"":[]}"
443,2020-04-06,"{""type"":""MultiPoint"",""coordinates"":[]}"
444,2020-04-22,"{""type"":""MultiPoint"",""coordinates"":[]}"
445,2020-05-08,"{""type"":""MultiPoint"",""coordinates"":[]}"
446,2020-05-24,"{""type"":""MultiPoint"",""coordinates"":[]}"
447,2020-06-09,"{""type"":""MultiPoint"",""coordinates"":[]}"
448,2020-06-25,"{""type"":""MultiPoint"",""coordinates"":[]}"
449,2020-07-11,"{""type"":""MultiPoint"",""coordinates"":[]}"
450,2020-07-27,"{""type"":""MultiPoint"",""coordinates"":[]}"
451,2020-08-12,"{""type"":""MultiPoint"",""coordinates"":[]}"
452,2020-08-28,"{""type"":""MultiPoint"",""coordinates"":[]}"
453,2020-09-13,"{""type"":""MultiPoint"",""coordinates"":[]}"
454,2020-09-29,"{""type"":""MultiPoint"",""coordinates"":[]}"
455,2020-10-15,"{""type"":""MultiPoint"",""coordinates"":[]}"
456,2020-10-31,"{""type"":""MultiPoint"",""coordinates"":[]}"
457,2020-11-16,"{""type"":""MultiPoint"",""coordinates"":[]}"
458,2020-12-02,"{""type"":""MultiPoint"",""coordinates"":[]}"
459,2020-12-18,"{""type"":""MultiPoint"",""coordinates"":[]}"
460,2021-01-01,"{""type"":""MultiPoint"",""coordinates"":[]}"
461,2021-01-17,"{""type"":""MultiPoint"",""coordinates"":[]}"
462,2021-02-02,"{""type"":""MultiPoint"",""coordinates"":[]}"
463,2021-02-18,"{""type"":""MultiPoint"",""coordinates"":[]}"
464,2021-03-06,"{""type"":""MultiPoint"",""coordinates"":[]}"
465,2021-03-22,"{""type"":""MultiPoint"",""coordinates"":[]}"
466,2021-04-07,"{""type"":""MultiPoint"",""coordinates"":[]}"
467,2021-04-23,"{""type"":""MultiPoint"",""coordinates"":[]}"
468,2021-05-09,"{""type"":""MultiPoint"",""coordinates"":[]}"
469,2021-05-25,"{""type"":""MultiPoint"",""coordinates"":[]}"
470,2021-06-10,"{""type"":""MultiPoint"",""coordinates"":[]}"
471,2021-06-26,"{""type"":""MultiPoint"",""coordinates"":[]}"
472,2021-07-12,"{""type"":""MultiPoint"",""coordinates"":[]}"
473,2021-07-28,"{""type"":""MultiPoint"",""coordinates"":[]}"
474,2021-08-13,"{""type"":""MultiPoint"",""coordinates"":[]}"
475,2021-08-29,"{""type"":""MultiPoint"",""coordinates"":[]}"
476,2021-09-14,"{""type"":""MultiPoint"",""coordinates"":[]}"
477,2021-09-30,"{""type"":""MultiPoint"",""coordinates"":[]}"
478,2021-10-16,"{""type"":""MultiPoint"",""coordinates"":[]}"
479,2021-11-01,"{""type"":""MultiPoint"",""coordinates"":[]}"
480,2021-11-17,"{""type"":""MultiPoint"",""coordinates"":[]}"
481,2021-12-03,"{""type"":""MultiPoint"",""coordinates"":[]}"
482,2021-12-19,"{""type"":""MultiPoint"",""coordinates"":[]}"
483,2022-01-01,"{""type"":""MultiPoint"",""coordinates"":[]}"
484,2022-01-17,"{""type"":""MultiPoint"",""coordinates"":[]}"
485,2022-02-02,"{""type"":""MultiPoint"",""coordinates"":[]}"
486,2022-02-18,"{""type"":""MultiPoint"",""coordinates"":[]}"
487,2022-03-06,"{""type"":""MultiPoint"",""coordinates"":[]}"
488,2022-03-22,"{""type"":""MultiPoint"",""coordinates"":[]}"
489,2022-04-07,"{""type"":""MultiPoint"",""coordinates"":[]}"
490,2022-04-23,"{""type"":""MultiPoint"",""coordinates"":[]}"
491,2022-05-09,"{""type"":""MultiPoint"",""coordinates"":[]}"
492,2022-05-25,"{""type"":""MultiPoint"",""coordinates"":[]}"
493,2022-06-10,"{""type"":""MultiPoint"",""coordinates"":[]}"
494,2022-06-26,"{""type"":""MultiPoint"",""coordinates"":[]}"
495,2022-07-12,"{""type"":""MultiPoint"",""coordinates"":[]}"
496,2022-07-28,"{""type"":""MultiPoint"",""coordinates"":[]}"
497,2022-08-13,"{""type"":""MultiPoint"",""coordinates"":[]}"
498,2022-08-29,"{""type"":""MultiPoint"",""coordinates"":[]}"
499,2022-09-14,"{""type"":""MultiPoint"",""coordinates"":[]}"
500,2022-09-30,"{""type"":""MultiPoint"",""coordinates"":[]}"
501,2022-10-16,"{""type"":""MultiPoint"",""coordinates"":[]}"
502,2022-11-01,"{""type"":""MultiPoint"",""coordinates"":[]}"
503,2022-11-17,"{""type"":""MultiPoint"",""coordinates"":[]}"
504,2022-12-03,"{""type"":""MultiPoint"",""coordinates"":[]}"
505,2022-12-19,"{""type"":""MultiPoint"",""coordinates"":[]}"
506,2023-01-01,"{""type"":""MultiPoint"",""coordinates"":[]}"
507,2023-01-17,"{""type"":""MultiPoint"",""coordinates"":[]}"
508,2023-02-02,"{""type"":""MultiPoint"",""coordinates"":[]}"
509,2023-02-18,"{""type"":""MultiPoint"",""coordinates"":[]}"
510,2023-03-06,"{""type"":""MultiPoint"",""coordinates"":[]}"
511,2023-03-22,"{""type"":""MultiPoint"",""coordinates"":[]}"
512,2023-04-07,"{""type"":""MultiPoint"",""coordinates"":[]}"
513,2023-04-23,"{""type"":""MultiPoint"",""coordinates"":[]}"
514,2023-05-09,"{""type"":""MultiPoint"",""coordinates"":[]}"
515,2023-05-25,"{""type"":""MultiPoint"",""coordinates"":[]}"
516,2023-06-10,"{""type"":""MultiPoint"",""coordinates"":[]}"
517,2023-06-26,"{""type"":""MultiPoint"",""coordinates"":[]}"
518,2023-07-12,"{""type"":""MultiPoint"",""coordinates"":[]}"
519,2023-07-28,"{""type"":""MultiPoint"",""coordinates"":[]}"
520,2023-08-13,"{""type"":""MultiPoint"",""coordinates"":[]}"
521,2023-08-29,"{""type"":""MultiPoint"",""coordinates"":[]}"
522,2023-09-14,"{""type"":""MultiPoint"",""coordinates"":[]}"
523,2023-09-30,"{""type"":""MultiPoint"",""coordinates"":[]}"
524,2023-10-16,"{""type"":""MultiPoint"",""coordinates"":[]}"
525,2023-11-01,"{""type"":""MultiPoint"",""coordinates"":[]}"
526,2023-11-17,"{""type"":""MultiPoint"",""coordinates"":[]}"
527,2023-12-03,"{""type"":""MultiPoint"",""coordinates"":[]}"
528,2023-12-19,"{""type"":""MultiPoint"",""coordinates"":[]}"
529,2024-01-01,"{""type"":""MultiPoint"",""coordinates"":[]}"
530,2024-01-17,"{""type"":""MultiPoint"",""coordinates"":[]}"
531,2024-02-02,"{""type"":""MultiPoint"",""coordinates"":[]}"
532,2024-02-18,"{""type"":""MultiPoint"",""coordinates"":[]}"
533,2024-03-05,"{""type"":""MultiPoint"",""coordinates"":[]}"
534,2024-03-21,"{""type"":""MultiPoint"",""coordinates"":[]}"
535,2024-04-06,"{""type"":""MultiPoint"",""coordinates"":[]}"
536,2024-04-22,"{""type"":""MultiPoint"",""coordinates"":[]}"
537,2024-05-08,"{""type"":""MultiPoint"",""coordinates"":[]}"
538,2024-05-24,"{""type"":""MultiPoint"",""coordinates"":[]}"
539,2024-06-09,"{""type"":""MultiPoint"",""coordinates"":[]}"
540,2024-06-25,"{""type"":""MultiPoint"",""coordinates"":[]}"
541,2024-07-11,"{""type"":""MultiPoint"",""coordinates"":[]}"
542,2024-07-27,"{""type"":""MultiPoint"",""coordinates"":[]}"
543,2024-08-12,"{""type"":""MultiPoint"",""coordinates"":[]}"
544,2024-08-28,"{""type"":""MultiPoint"",""coordinates"":[]}"
545,2024-09-13,"{""type"":""MultiPoint"",""coordinates"":[]}"
546,2024-09-29,"{""type"":""MultiPoint"",""coordinates"":[]}"
547,2024-10-15,"{""type"":""MultiPoint"",""coordinates"":[]}"
548,2024-10-31,"{""type"":""MultiPoint"",""coordinates"":[]}"
549,2024-11-16,"{""type"":""MultiPoint"",""coordinates"":[]}"
550,2024-12-02,"{""type"":""MultiPoint"",""coordinates"":[]}"
551,2024-12-18,"{""type"":""MultiPoint"",""coordinates"":[]}"
552,2025-01-01,"{""type"":""MultiPoint"",""coordinates"":[]}"
553,2025-01-17,"{""type"":""MultiPoint"",""coordinates"":[]}"
554,2025-02-02,"{""type"":""MultiPoint"",""coordinates"":[]}"
555,2025-02-18,"{""type"":""MultiPoint"",""coordinates"":[]}"
556,2025-03-06,"{""type"":""MultiPoint"",""coordinates"":[]}"
557,2025-03-22,"{""type"":""MultiPoint"",""coordinates"":[]}"
558,2025-04-07,"{""type"":""MultiPoint"",""coordinates"":[]}"
559,2025-04-23,"{""type"":""MultiPoint"",""coordinates"":[]}"
560,2025-05-09,"{""type"":""MultiPoint"",""coordinates"":[]}"
561,2025-05-25,"{""type"":""MultiPoint"",""coordinates"":[]}"
562,2025-06-10,"{""type"":""MultiPoint"",""coordinates"":[]}"
563,2025-06-26,"{""type"":""MultiPoint"",""coordinates"":[]}"
564,2025-07-12,"{""type"":""MultiPoint"",""coordinates"":[]}"
565,2025-07-28,"{""type"":""MultiPoint"",""coordinates"":[]}"
566,2025-08-13,"{""type"":""MultiPoint"",""coordinates"":[]}"
567,2025-08-29,"{""type"":""MultiPoint"",""coordinates"":[]}"
568,2025-09-14,"{""type"":""MultiPoint"",""coordinates"":[]}"
569,2025-09-30,"{""type"":""MultiPoint"",""coordinates"":[]}"
570,2025-10-16,"{""type"":""MultiPoint"",""coordinates"":[]}"
571,2025-11-01,"{""type"":""MultiPoint"",""coordinates"":[]}"
572,2025-11-17,"{""type"":""MultiPoint"",""coordinates"":[]}"
573,2025-12-03,"{""type"":""MultiPoint"",""coordinates"":[]}"
574,2025-12-19,"{""type"":""MultiPoint"",""coordinates"":[]}"
575,2026-01-01,"{""type"":""MultiPoint"",""coordinates"":[]}"
576,2026-01-17,"{""type"":""MultiPoint"",""coordinates"":[]}"
577,2026-02-02,"{""type"":""MultiPoint"",""coordinates"":[]}"
578,2026-02-18,"{""type"":""MultiPoint"",""coordinates"":[]}"
579,2026-03-06,"{""type"":""MultiPoint"",""coordinates"":[]}"
580,2026-03-22,"{""type"":""MultiPoint"",""coordinates"":[]}"
